{"(1, 2)": 180.8494175, "(1, 3)": 404.8006585, "(1, 4)": 336.3791255, "(1, 5)": 262.1791265, "(1, 6)": 309.778767, "(1, 7)": 261.2450165, "(1, 8)": 180.4864125, "(2, 1)": 228.913409, "(2, 3)": 75.329909, "(2, 4)": 737.690414, "(2, 5)": 101.163276, "(2, 6)": 67.461361, "(2, 7)": 162.8304295, "(2, 8)": 131.713792, "(3, 1)": 306.6502115, "(3, 2)": 146.694929, "(3, 4)": 359.924357, "(3, 5)": 392.0747435, "(3, 6)": 385.959789, "(3, 7)": 718.2539075, "(3, 8)": 259.182262, "(4, 1)": 559.689435, "(4, 2)": 829.722133, "(4, 3)": 446.282752, "(4, 5)": 308.642321, "(4, 6)": 205.564811, "(4, 7)": 429.4153695, "(4, 8)": 883.885439, "(5, 1)": 351.4654245, "(5, 2)": 222.6761075, "(5, 3)": 1105.5106945, "(5, 4)": 200.3396705, "(5, 6)": 398.799143, "(5, 7)": 890.286915, "(5, 8)": 101.6136425, "(6, 1)": 270.0370005, "(6, 2)": 90.149302, "(6, 3)": 229.2306295, "(6, 4)": 53.22027, "(6, 5)": 79.306486, "(6, 7)": 1504.0583565, "(6, 8)": 192.960535, "(7, 1)": 351.629931, "(7, 2)": 222.2942585, "(7, 3)": 425.89387, "(7, 4)": 245.809505, "(7, 5)": 141.7528475, "(7, 6)": 1033.758471, "(7, 8)": 132.275684, "(8, 1)": 157.6593815, "(8, 2)": 131.69876, "(8, 3)": 163.550827, "(8, 4)": 736.363339, "(8, 5)": 86.605174, "(8, 6)": 142.0102815, "(8, 7)": 86.0768875}