{"(6, 13)": 0.7805043186842106, "(6, 16)": 0.49011900289473687, "(6, 14)": 0.5039390334210526, "(6, 38)": 0.24442312763157895, "(6, 33)": 0.3181258610526316, "(6, 29)": 0.24719750789473685, "(6, 5)": 0.541728127631579, "(13, 6)": 0.5098419176315789, "(13, 16)": 0.207392585, "(13, 14)": 0.24955422894736842, "(13, 38)": 0.28695470815789476, "(13, 33)": 0.7032942594736842, "(13, 29)": 0.3605395015789473, "(13, 5)": 0.7122353442105263, "(16, 6)": 0.3607548484210526, "(16, 13)": 0.3964239457894737, "(16, 14)": 0.6247491018421052, "(16, 38)": 0.20026006894736842, "(16, 33)": 0.48720666078947367, "(16, 29)": 0.5325551468421053, "(16, 5)": 0.67896848, "(14, 6)": 0.7079790155263158, "(14, 13)": 0.20265942657894737, "(14, 16)": 0.44286027499999997, "(14, 38)": 0.7247573776315789, "(14, 33)": 0.4635986668421052, "(14, 29)": 0.2962371044736842, "(14, 5)": 0.6154622778947368, "(38, 6)": 0.1536039152631579, "(38, 13)": 0.6451819155263158, "(38, 16)": 0.6563862694736842, "(38, 14)": 0.24877026657894735, "(38, 33)": 0.7436236271052632, "(38, 29)": 0.7088634310526316, "(38, 5)": 0.38577110000000003, "(33, 6)": 0.7119203844736842, "(33, 13)": 0.7366038571052632, "(33, 16)": 0.7534149068421052, "(33, 14)": 0.5590693915789473, "(33, 38)": 0.5309765463157895, "(33, 29)": 0.2592543463157895, "(33, 5)": 0.5462110142105263, "(29, 6)": 0.5333014721052631, "(29, 13)": 0.18164975157894736, "(29, 16)": 0.72178698, "(29, 14)": 0.25270301157894737, "(29, 38)": 0.1798631852631579, "(29, 33)": 0.21353287052631578, "(29, 5)": 0.4144333639473684, "(5, 6)": 0.4434997528947368, "(5, 13)": 0.47435444605263155, "(5, 16)": 0.45447898999999997, "(5, 14)": 0.3109269852631579, "(5, 38)": 0.4295357239473684, "(5, 33)": 0.714488272631579, "(5, 29)": 0.7158383394736841}