{"(1, 4)": 20.570231943188233, "(1, 10)": 210.1476386257691, "(1, 17)": 0.0, "(1, 20)": 243.1515230697118, "(1, 21)": 0.0, "(1, 25)": 0.0, "(1, 26)": 0.0, "(4, 1)": 0.0, "(4, 10)": 199.344198677723, "(4, 17)": 0.0, "(4, 20)": 312.82321047405367, "(4, 21)": 0.0, "(4, 25)": 0.0, "(4, 26)": 0.0, "(10, 1)": 713.8303843105043, "(10, 4)": 0.0, "(10, 17)": 270.09812289878784, "(10, 20)": 0.0, "(10, 21)": 0.0, "(10, 25)": 0.0, "(10, 26)": 19.700357074140854, "(17, 1)": 0.0, "(17, 4)": 86.38226293939343, "(17, 10)": 0.0, "(17, 20)": 0.0, "(17, 21)": 185.48654140456352, "(17, 25)": 140.49446445293017, "(17, 26)": 0.0, "(20, 1)": 0.0, "(20, 4)": 156.23682788566992, "(20, 10)": 0.0, "(20, 17)": 0.0, "(20, 21)": 239.3545072995973, "(20, 25)": 162.77574191859844, "(20, 26)": 0.0, "(21, 1)": 0.0, "(21, 4)": 86.38226293939343, "(21, 10)": 0.0, "(21, 17)": 0.0, "(21, 20)": 0.0, "(21, 25)": 140.49446445293017, "(21, 26)": 0.0, "(25, 1)": 0.0, "(25, 4)": 0.0, "(25, 10)": 52.218585965731336, "(25, 17)": 0.0, "(25, 20)": 0.0, "(25, 21)": 0.0, "(25, 26)": 41.08368940733886, "(26, 1)": 0.0, "(26, 4)": 0.0, "(26, 10)": 52.218585965731336, "(26, 17)": 0.0, "(26, 20)": 0.0, "(26, 21)": 0.0, "(26, 25)": 0.0}